{"_timestamp": 1713718901.9385107, "Delta Pi Loss": 0.0, "Learning Rate": 0.002, "Delta Value Loss": -3.0160789489746094, "_step": 1129, "Reward": 284.19052534721, "Distance": 211.61468505859375, "_runtime": 117077.48904776573}