{"Reward": 651.0017545590542, "Delta Value Loss": -408.53125, "Delta Pi Loss": 0.0, "Learning Rate": 0.002, "_timestamp": 1711978503.6588304, "_runtime": 24411.152789354324, "_step": 331}