{"Reward": 5.4252736454898685, "Delta Value Loss": -63.9267578125, "Delta Pi Loss": 0.0, "Learning Rate": 0.002, "_timestamp": 1712631332.035723, "_runtime": 5310.344949960709, "_step": 58}