{"_runtime": 65054.5099272728, "_timestamp": 1713563945.7983572, "Delta Pi Loss": 0.0, "Learning Rate": 0.002, "Delta Value Loss": -942.9375, "_step": 675, "Reward": 11.367885485432438, "Distance": 1242.1365966796875}