{"Reward": 36.81566569782737, "Delta Value Loss": -27.46875, "Delta Pi Loss": -0.005953215062618256, "Learning Rate": 0.002, "Distance": 2.721761703491211, "_timestamp": 1713456427.6534684, "_runtime": 731.5505723953247, "_step": 118}