{"Reward": 147.62003312456872, "Delta Value Loss": 0.21599578857421875, "Delta Pi Loss": 0.0, "Learning Rate": 0.002, "_timestamp": 1712086551.7046523, "_runtime": 9129.598833322525, "_step": 96}