{"Reward": 858.2839315485796, "Delta Value Loss": -1.02899169921875, "Delta Pi Loss": 0.0, "Learning Rate": 0.002, "_timestamp": 1712275234.1697323, "_runtime": 16457.22522044182, "_step": 214}