{"Learning Rate": 0.002, "Delta Value Loss": -10.056640625, "_step": 391, "Reward": 6.867032032188261, "Distance": 2251.2958984375, "_runtime": 29576.48828101158, "_timestamp": 1713487264.688297, "Delta Pi Loss": -0.00014884397387504578}