{"Delta Pi Loss": -0.0001769866794347763, "Learning Rate": 0.002, "Delta Value Loss": -7.35791015625, "_step": 427, "Reward": 12.351021868071646, "Distance": 594.4491577148438, "_runtime": 32090.55010151863, "_timestamp": 1713501347.5266964}