{"Reward": 134.63736406488619, "Delta Value Loss": 107.412841796875, "Delta Pi Loss": 0.0, "Learning Rate": 0.002, "Distance": 2.128495693206787, "_timestamp": 1713974064.1260366, "_runtime": 38601.2566845417, "_step": 748}