{"_runtime": 94256.61128211021, "_timestamp": 1713695963.55975, "Delta Pi Loss": 0.0, "Learning Rate": 0.002, "Delta Value Loss": -2251.125, "_step": 1093, "Reward": 28.427860186292566, "Distance": 5078.2841796875}