{"Reward": 3.7363739444399093, "Delta Value Loss": -86.595703125, "Delta Pi Loss": 0.0, "Learning Rate": 0.002, "_timestamp": 1712625361.243107, "_runtime": 921.6326251029968, "_step": 10}