{"Reward": 3.0332550235384272, "Delta Value Loss": -13.5166015625, "Delta Pi Loss": -0.00019564852118492126, "Learning Rate": 0.002, "_timestamp": 1712364499.1448052, "_runtime": 8433.25402212143, "_step": 92, "_wandb": {"runtime": 8469}}