{"Reward": 34.85893301463722, "Delta Value Loss": -5.9837646484375, "Delta Pi Loss": -0.00016225501894950867, "Learning Rate": 0.002, "_timestamp": 1709941461.6111636, "_runtime": 14261.384329557419, "_step": 162}