{"Reward": 3.3055275379765243, "Delta Value Loss": -8.3994140625, "Delta Pi Loss": -0.00017176568508148193, "Learning Rate": 0.002, "_timestamp": 1710109465.5533082, "_runtime": 81148.95391130447, "_step": 961}