{"Reward": 105.94973594336108, "Delta Value Loss": -248.459716796875, "Delta Pi Loss": 0.0, "Learning Rate": 0.002, "Distance": 8.699605941772461, "_timestamp": 1713935346.8343422, "_runtime": 489.2784562110901, "_step": 8}