{"Reward": 728.9555170240737, "Delta Value Loss": 4.797698974609375, "Delta Pi Loss": 0.0, "Learning Rate": 0.002, "Distance": 440.3962097167969, "_timestamp": 1713766397.1856852, "_runtime": 47374.54945707321, "_step": 744}