{"Reward": 8.390623756025201, "Delta Value Loss": -608.6875, "Delta Pi Loss": -0.00021464750170707703, "Learning Rate": 0.002, "Distance": 4634.3974609375, "_timestamp": 1713784978.0913432, "_runtime": 18429.456430196762, "_step": 280}