{"Reward": 3.018511839671716, "Delta Value Loss": -310.5625, "Delta Pi Loss": -0.0001775883138179779, "Learning Rate": 0.002, "Distance": 1490.6346435546875, "_timestamp": 1713474401.8061981, "_runtime": 17633.649599075317, "_step": 237}