{"Reward": 1.801551167369296, "Delta Value Loss": -6.400634765625, "Delta Pi Loss": 0.0, "Learning Rate": 0.002, "_timestamp": 1710226543.430627, "_runtime": 5077.509325027466, "_step": 56}