{"Reward": 170.53817728438918, "Delta Value Loss": -3.9574127197265625, "Delta Pi Loss": -0.0013515353202819824, "Learning Rate": 0.002, "_timestamp": 1710028047.3931527, "_runtime": 178.28969264030457, "_step": 1}