{"Reward": 138.63740693890668, "Delta Value Loss": -46592.75, "Delta Pi Loss": 0.0, "Learning Rate": 0.002, "_timestamp": 1710139327.4703012, "_runtime": 25793.15349125862, "_step": 287, "_wandb": {"runtime": 70124}}