{"Reward": 53.687520235721024, "Delta Value Loss": -866.75, "Delta Pi Loss": -0.0001924671232700348, "Learning Rate": 0.002, "_timestamp": 1712488743.457584, "_runtime": 60947.09930086136, "_step": 804}