{"Reward": 81.25201149353191, "Delta Value Loss": 0.10845947265625, "Delta Pi Loss": 0.0, "Learning Rate": 0.002, "_timestamp": 1712323472.6063242, "_runtime": 28349.19438815117, "_step": 402}