{"Reward": 763.8517176039271, "Delta Value Loss": 3.55859375, "Delta Pi Loss": 0.0, "Learning Rate": 0.002, "_timestamp": 1712108120.794375, "_runtime": 20771.7004468441, "_step": 265}