{"Reward": 75.77315472350614, "Delta Value Loss": -3.4375, "Delta Pi Loss": -0.00021852925419807434, "Learning Rate": 0.002, "_timestamp": 1712532955.1720557, "_runtime": 3195.2151868343353, "_step": 35}