{"Delta Pi Loss": -0.00016921828500926495, "Learning Rate": 0.002, "Delta Value Loss": -38.84375, "_step": 644, "Reward": 2.344038700327161, "Distance": 2369.876220703125, "_runtime": 47119.751425504684, "_timestamp": 1713516542.1715064}