{"Reward": 2829.109235216556, "Delta Value Loss": -12761.0, "Delta Pi Loss": 0.0, "Learning Rate": 0.002, "_timestamp": 1712257928.6275876, "_runtime": 4905.0766315460205, "_step": 61}